USE `javadevhm5`;

INSERT INTO `roles` (id, name) VALUES
  (0xe6b2df9495074e7097eea54583962aa6, 'ROLE_ADMIN'),
  (0xd0599670b4e94edf9c25cbd9a271f17e, 'ROLE_USER');

INSERT INTO `users` (id, email, password, first_name, last_name) VALUES
  (0x02deb31e9d5147e5b8d284559326a3f2, 'admin@email.com', 'admin', 'adminName', 'adminLastName'),
  (0xd2129e2edfe449bc85dd3864282aafac, 'user@email.com', 'user', 'userName', 'userLastName');

INSERT INTO users_roles (user_id, role_id) VALUES
  (0x02deb31e9d5147e5b8d284559326a3f2, 0xe6b2df9495074e7097eea54583962aa6),
  (0x02deb31e9d5147e5b8d284559326a3f2, 0xd0599670b4e94edf9c25cbd9a271f17e),
  (0xd2129e2edfe449bc85dd3864282aafac, 0xd0599670b4e94edf9c25cbd9a271f17e);

INSERT INTO `manufacturers` (id, name) VALUES
  (0xC992D51C15F84A379119CAFEF19E4D66, 'Apple'),
  (0xE71AA8612E324CDE9DE4388B8C7456F8, 'LG'),
  (0x76A077AB2BC9428D94D27FEAB90EF587, 'Microsoft'),
  (0x48BA71D61954470582C5B863290727A2, 'Nokia'),
  (0x0AAD92ED755C4B5F8C546BFDE120BB7D, 'Samsung');

INSERT INTO `products` (id, name, price, manufacturer_id) VALUES
  (0x02301CAC0609481483E043FB8270A81F, 'Lumia 650', 190, 0x76A077AB2BC9428D94D27FEAB90EF587),
  (0x1680BCF2C732442FB00872D2431EC437, 'Lumia 535', 110, 0x76A077AB2BC9428D94D27FEAB90EF587),
  (0x21CE19AA73BA4F2D9C59391ADE3F0B6D, 'Optimus L7', 700, 0xE71AA8612E324CDE9DE4388B8C7456F8),
  (0x23D2C2FA859C41BAB439A182BD561D11, 'IPhone8', 800, 0xC992D51C15F84A379119CAFEF19E4D66),
  (0x40DD8F1AE9E04D4E82AF616233AD7A09, 'Optimus L9', 950, 0xE71AA8612E324CDE9DE4388B8C7456F8),
  (0x555309499A2A4C189BED0A556AE95F4B, 'G2 mini ', 180, 0xE71AA8612E324CDE9DE4388B8C7456F8),
  (0x6C62E752094348C0954FEDD8ABBC20ED, 'Lumia 950 XL', 500, 0x76A077AB2BC9428D94D27FEAB90EF587),
  (0x78C0076770E1438EAD5FFEEFB03EBE0E, 'IPode', 300, 0xC992D51C15F84A379119CAFEF19E4D66),
  (0x96B2104261834466B0AC5BF9204EF2E7, 'Iphone8 Plus', 1000, 0xC992D51C15F84A379119CAFEF19E4D66),
  (0xA070936A26CB400299B6B13E2842259A, 'Lumia 640', 350, 0x76A077AB2BC9428D94D27FEAB90EF587),
  (0xD4E17A38DF694EEB90EE565B9C40E5A3, 'Galaxy S7', 490, 0x0AAD92ED755C4B5F8C546BFDE120BB7D),
  (0xDB785B25B3D1401AA1362FF98A63E187, 'Nokia 6', 290, 0x48BA71D61954470582C5B863290727A2),
  (0xDC0B27A5A47F4D05805350993AC38234, 'IPhoneX', 1100, 0xC992D51C15F84A379119CAFEF19E4D66),
  (0xE83ED194ED6E428BA80AED5FA58F2FF1, 'Nokia 3310', 50, 0x48BA71D61954470582C5B863290727A2),
  (0xF6B06E5B3EE7467ABBE12EA6DB2BA5AC, 'Galaxy Note 8', 1100, 0x0AAD92ED755C4B5F8C546BFDE120BB7D),
  (0xF8163442DA684FA9BE820113BE5C1EAE, 'Galaxy S5', 250, 0x0AAD92ED755C4B5F8C546BFDE120BB7D);